-- Pétmongo MVP seed data

INSERT INTO cities (id, name) VALUES
  ('11111111-1111-1111-1111-111111111111', '上海'),
  ('22222222-2222-2222-2222-222222222222', '北京'),
  ('33333333-3333-3333-3333-333333333333', '深圳')
ON CONFLICT (id) DO NOTHING;

INSERT INTO categories (id, name) VALUES
  ('aaaaaaaa-aaaa-aaaa-aaaa-aaaaaaaaaaaa', '住宿'),
  ('bbbbbbbb-bbbb-bbbb-bbbb-bbbbbbbbbbbb', '草坪'),
  ('cccccccc-cccc-cccc-cccc-cccccccccccc', '餐厅'),
  ('dddddddd-dddd-dddd-dddd-dddddddddddd', '景点')
ON CONFLICT (id) DO NOTHING;

INSERT INTO tags (id, name) VALUES
  ('44444444-1111-1111-1111-111111111111', '可牵绳'),
  ('44444444-2222-2222-2222-222222222222', '小型犬'),
  ('44444444-3333-3333-3333-333333333333', '室外座位'),
  ('44444444-4444-4444-4444-444444444444', '不限体型'),
  ('44444444-5555-5555-5555-555555555555', '傍晚最佳'),
  ('44444444-6666-6666-6666-666666666666', '需要牵引'),
  ('44444444-7777-7777-7777-777777777777', '潮汐注意'),
  ('44444444-8888-8888-8888-888888888888', '建议避开正午强晒')
ON CONFLICT (id) DO NOTHING;

INSERT INTO resources (
  id, name, category_id, city_id, cover_url, location_hint,
  safety_note, best_time, verified, status
) VALUES
  (
    '55555555-4444-4444-4444-444444444444',
    '云朵旅居 · 宠物友好客栈',
    'aaaaaaaa-aaaa-aaaa-aaaa-aaaaaaaaaaaa',
    '11111111-1111-1111-1111-111111111111',
    NULL,
    '近地铁 2 号线步行 5 分钟',
    '入住需自带宠物垫',
    '全天',
    TRUE,
    'approved'
  ),
  (
    '55555555-1111-1111-1111-111111111111',
    '星光草坪 · 可牵绳友好',
    'bbbbbbbb-bbbb-bbbb-bbbb-bbbbbbbbbbbb',
    '11111111-1111-1111-1111-111111111111',
    NULL,
    '靠近滨江步道东侧入口',
    '建议避开正午强晒',
    '傍晚 17:00-19:00',
    TRUE,
    'approved'
  ),
  (
    '55555555-2222-2222-2222-222222222222',
    '咕噜森林咖啡',
    'cccccccc-cccc-cccc-cccc-cccccccccccc',
    '11111111-1111-1111-1111-111111111111',
    NULL,
    '园区内靠湖边',
    '需自带垫子',
    '午后 14:00-16:00',
    TRUE,
    'approved'
  ),
  (
    '55555555-3333-3333-3333-333333333333',
    '海风栈道 · 观景点',
    'dddddddd-dddd-dddd-dddd-dddddddddddd',
    '11111111-1111-1111-1111-111111111111',
    NULL,
    '沿海木栈道北侧',
    '潮汐注意',
    '日落前 1 小时',
    FALSE,
    'pending'
  )
ON CONFLICT (id) DO NOTHING;

INSERT INTO resource_tags (resource_id, tag_id) VALUES
  ('55555555-4444-4444-4444-444444444444', '44444444-4444-4444-4444-444444444444'),
  ('55555555-1111-1111-1111-111111111111', '44444444-1111-1111-1111-111111111111'),
  ('55555555-1111-1111-1111-111111111111', '44444444-2222-2222-2222-222222222222'),
  ('55555555-1111-1111-1111-111111111111', '44444444-5555-5555-5555-555555555555'),
  ('55555555-1111-1111-1111-111111111111', '44444444-8888-8888-8888-888888888888'),
  ('55555555-2222-2222-2222-222222222222', '44444444-3333-3333-3333-333333333333'),
  ('55555555-2222-2222-2222-222222222222', '44444444-4444-4444-4444-444444444444'),
  ('55555555-3333-3333-3333-333333333333', '44444444-6666-6666-6666-666666666666'),
  ('55555555-3333-3333-3333-333333333333', '44444444-7777-7777-7777-777777777777')
ON CONFLICT DO NOTHING;

INSERT INTO media_assets (id, resource_id, type, url, thumb_url, sort_order) VALUES
  (
    '66666666-1111-1111-1111-111111111111',
    '55555555-4444-4444-4444-444444444444',
    'image',
    '/media/微信图片_20260125131840_59_2.jpg',
    NULL,
    1
  ),
  (
    '66666666-2222-2222-2222-222222222222',
    '55555555-1111-1111-1111-111111111111',
    'image',
    '/media/微信图片_20260125131841_60_2.jpg',
    NULL,
    1
  ),
  (
    '66666666-3333-3333-3333-333333333333',
    '55555555-3333-3333-3333-333333333333',
    'image',
    '/media/微信图片_20260125131842_62_2.jpg',
    NULL,
    1
  )
ON CONFLICT (id) DO NOTHING;

INSERT INTO discover_posts (
  id, title, author_name, author_avatar_url, cover_url, media_url, category, city, tags, post_type, likes
) VALUES
  (
    '88888888-1111-1111-1111-111111111111',
    '户外遛狗指南：秋天的好去处',
    '泡泡小熊',
    NULL,
    NULL,
    NULL,
    '户外',
    '上海',
    ARRAY['遛狗', '户外', '秋游'],
    'image',
    1887
  ),
  (
    '88888888-2222-2222-2222-222222222222',
    '宠物健康检查清单',
    '橘子汽水',
    NULL,
    NULL,
    NULL,
    '宠物健康',
    '上海',
    ARRAY['体检', '健康', '护理'],
    'image',
    421
  ),
  (
    '88888888-3333-3333-3333-333333333333',
    '室内训练：坐下与等待',
    'Sein',
    NULL,
    NULL,
    NULL,
    '宠物训练',
    '上海',
    ARRAY['训练', '坐下', '等待'],
    'image',
    102
  ),
  (
    '88888888-4444-4444-4444-444444444444',
    '冬季宠物用品推荐',
    '糖糖',
    NULL,
    NULL,
    NULL,
    '宠物用品',
    '上海',
    ARRAY['冬季', '用品', '保暖'],
    'image',
    356
  ),
  (
    '88888888-5555-5555-5555-555555555555',
    '带狗狗旅行需要准备什么',
    '木木',
    NULL,
    NULL,
    NULL,
    '旅行',
    '上海',
    ARRAY['旅行', '清单', '出行'],
    'image',
    97
  ),
  (
    '88888888-6666-6666-6666-666666666666',
    '推荐：本周最受欢迎的草坪路线',
    '柠檬派',
    NULL,
    NULL,
    NULL,
    '推荐',
    '上海',
    ARRAY['草坪', '路线', '推荐'],
    'image',
    2690
  ),
  (
    '88888888-7777-7777-7777-777777777777',
    '视频：狗狗城市散步记录',
    '阿布',
    NULL,
    NULL,
    'https://example.com/video/dogwalk.mp4',
    '推荐',
    '上海',
    ARRAY['视频', '散步', '记录'],
    'video',
    542
  )
ON CONFLICT (id) DO NOTHING;
